{
  "lastModified": "2025-11-11T18:53:38.355Z",
  "files": [
    {
      "shortPath": "l0/README.md",
      "versionRef": "a54b9f628f12b6f4e3b499c2efde9df824f152bd",
      "Length": 1430,
      "update_at": "2025-11-06T11:59:21.000Z"
    },
    {
      "shortPath": "l2/agentScaffoldToOrganismMock.defs.ts",
      "versionRef": "8062de9c42df18788e708155b33484497903e355",
      "Length": 101,
      "update_at": "2025-11-11T18:26:31.000Z"
    },
    {
      "shortPath": "l2/agentScaffoldToOrganismMock.html",
      "versionRef": "57be9dc8931ecaf7d781faddf19d5fa6873e4eaf",
      "Length": 6505,
      "update_at": "2025-11-11T18:26:31.000Z"
    },
    {
      "shortPath": "l2/agentScaffoldToOrganismMock.less",
      "versionRef": "27504c9caf50184ed292bc53c52fbf6cfa2c165a",
      "Length": 177,
      "update_at": "2025-11-11T18:26:31.000Z"
    },
    {
      "shortPath": "l2/agentScaffoldToOrganismMock.test.ts",
      "versionRef": "e115d36c7a14c33e2d5b5dff78cf01add62feb72",
      "Length": 269,
      "update_at": "2025-11-11T18:26:31.000Z"
    },
    {
      "shortPath": "l2/agentScaffoldToOrganismMock.ts",
      "versionRef": "9f74374668e9bd1af5a1c5241604bfdf0787a691",
      "Length": 6709,
      "update_at": "2025-11-11T18:26:31.000Z"
    },
    {
      "shortPath": "l2/aura.defs.ts",
      "versionRef": "2f414ccb47ab448408bf2ff5c505d70abedf4728",
      "Length": 78,
      "update_at": "2025-11-11T18:26:31.000Z"
    },
    {
      "shortPath": "l2/aura.html",
      "versionRef": "9fa77f98acb4a3deaeaa9c237e6f082269712da9",
      "Length": 13,
      "update_at": "2025-11-11T18:26:31.000Z"
    },
    {
      "shortPath": "l2/aura.less",
      "versionRef": "273ad395b0f74dd78cdf555eb35bcd16882c6909",
      "Length": 127,
      "update_at": "2025-11-11T18:26:31.000Z"
    },
    {
      "shortPath": "l2/aura.test.ts",
      "versionRef": "d80a2bfa61d6164d825bd61cdfe11dc8afc1bb3e",
      "Length": 246,
      "update_at": "2025-11-11T18:26:31.000Z"
    },
    {
      "shortPath": "l2/aura.ts",
      "versionRef": "8d6fd0fcf676fea5219866d798251714478ece52",
      "Length": 2277,
      "update_at": "2025-11-11T18:26:31.000Z"
    },
    {
      "shortPath": "l2/build.defs.ts",
      "versionRef": "5168f55efb0438bae4cbddbd351ea064df3d7e78",
      "Length": 79,
      "update_at": "2025-11-06T12:00:35.000Z"
    },
    {
      "shortPath": "l2/build.html",
      "versionRef": "1215ee50a0841469bcb4b7a9105e26ef8d9a7ae9",
      "Length": 14,
      "update_at": "2025-11-06T12:00:35.000Z"
    },
    {
      "shortPath": "l2/build.less",
      "versionRef": "e5f86f3f5765f4d15205ac9f83272a07570a3738",
      "Length": 129,
      "update_at": "2025-11-06T12:00:35.000Z"
    },
    {
      "shortPath": "l2/build.test.ts",
      "versionRef": "3ef9aa189e0f328405cded5e673e1aeaf3ad5ded",
      "Length": 247,
      "update_at": "2025-11-06T12:00:35.000Z"
    },
    {
      "shortPath": "l2/build.ts",
      "versionRef": "87f22da795599fcee7b74bbe0e1d8051c4da9659",
      "Length": 20926,
      "update_at": "2025-11-11T18:53:04.000Z"
    },
    {
      "shortPath": "l2/collabAuraLiveView.defs.ts",
      "versionRef": "d967e8a039b323db1d337c9c69eed241cbdfecc4",
      "Length": 92,
      "update_at": "2025-11-07T14:23:29.000Z"
    },
    {
      "shortPath": "l2/collabAuraLiveView.html",
      "versionRef": "0f9a6679e70e5dff63310f3a6b133a549ea1c4f1",
      "Length": 27,
      "update_at": "2025-11-07T14:23:29.000Z"
    },
    {
      "shortPath": "l2/collabAuraLiveView.less",
      "versionRef": "db7a4b408f0c016008d6923a44fcfc98821a61ef",
      "Length": 1454,
      "update_at": "2025-11-07T14:23:29.000Z"
    },
    {
      "shortPath": "l2/collabAuraLiveView.test.ts",
      "versionRef": "54bba240df2800b8efec04be0f3497886b30106d",
      "Length": 260,
      "update_at": "2025-11-07T14:23:29.000Z"
    },
    {
      "shortPath": "l2/collabAuraLiveView.ts",
      "versionRef": "30962fe37a153d2d48073e110089e12985a6cafd",
      "Length": 18163,
      "update_at": "2025-11-10T19:36:47.000Z"
    },
    {
      "shortPath": "l2/designSystem.defs.ts",
      "versionRef": "162b28f3fc62ce74751a001b8796ff8e584e7df6",
      "Length": 86,
      "update_at": "2025-11-05T17:53:07.000Z"
    },
    {
      "shortPath": "l2/designSystem.html",
      "versionRef": "407e94c1cf19a0a3117d9d391bd2a1dcb58b4471",
      "Length": 21,
      "update_at": "2025-11-05T17:53:07.000Z"
    },
    {
      "shortPath": "l2/designSystem.less",
      "versionRef": "3f96c78a9a27af1754490b9294a3e77d2b5725c4",
      "Length": 144,
      "update_at": "2025-11-05T17:53:07.000Z"
    },
    {
      "shortPath": "l2/designSystem.test.ts",
      "versionRef": "61b0f520275d742c7959d1d6bc0cee571d4e6f56",
      "Length": 254,
      "update_at": "2025-11-05T17:53:07.000Z"
    },
    {
      "shortPath": "l2/designSystem.ts",
      "versionRef": "4402544ce7b90de9e2ac4a7bae4fb405598180ff",
      "Length": 16178,
      "update_at": "2025-11-05T17:53:07.000Z"
    },
    {
      "shortPath": "l2/project.defs.ts",
      "versionRef": "8af52f90b84f480da33558f1fe35a2f936142188",
      "Length": 81,
      "update_at": "2025-11-05T17:53:07.000Z"
    },
    {
      "shortPath": "l2/project.html",
      "versionRef": "88a90cf32ef33346febb29387541246b1be9a2e0",
      "Length": 16,
      "update_at": "2025-11-05T17:53:07.000Z"
    },
    {
      "shortPath": "l2/project.less",
      "versionRef": "18b1c48520c712c275807f515a9d4a29bf9851d8",
      "Length": 133,
      "update_at": "2025-11-05T17:53:07.000Z"
    },
    {
      "shortPath": "l2/project.test.ts",
      "versionRef": "fef8c08834b2a8e1951bf57e3f038114446734f4",
      "Length": 249,
      "update_at": "2025-11-05T17:53:07.000Z"
    },
    {
      "shortPath": "l2/project.ts",
      "versionRef": "91c0426295f7ef92b1fccb4e8febeddb6197af26",
      "Length": 131,
      "update_at": "2025-11-05T17:53:07.000Z"
    },
    {
      "shortPath": "l2/start.defs.ts",
      "versionRef": "1764011cb03362b7aa76acd8882124d6dcf7c57e",
      "Length": 79,
      "update_at": "2025-11-07T14:23:29.000Z"
    },
    {
      "shortPath": "l2/start.html",
      "versionRef": "df55f07ba1524decf5e7f0d4625b01ba5cd62b21",
      "Length": 14,
      "update_at": "2025-11-07T14:23:29.000Z"
    },
    {
      "shortPath": "l2/start.less",
      "versionRef": "575f949172c7d2f7a416712afa7b9653f6578c88",
      "Length": 129,
      "update_at": "2025-11-07T14:23:29.000Z"
    },
    {
      "shortPath": "l2/start.test.ts",
      "versionRef": "123371b9add82f1d09958c23d253136072535d28",
      "Length": 247,
      "update_at": "2025-11-07T14:23:29.000Z"
    },
    {
      "shortPath": "l2/start.ts",
      "versionRef": "e3c1c1e0213d16d496e9ab4f04e224bd19618879",
      "Length": 135,
      "update_at": "2025-11-11T18:26:31.000Z"
    },
    {
      "shortPath": "l5/project.json",
      "versionRef": "dd83bc42f62f3501e7ace249f2769b1dc75a71c1",
      "Length": 375,
      "update_at": "2025-11-05T17:53:07.000Z"
    },
    {
      "shortPath": "l0/package.json",
      "versionRef": "a598ab0d69e931c609dca8a8d9a73dfb45e0c459",
      "Length": 470,
      "update_at": "2025-11-05T17:52:42.000Z"
    },
    {
      "shortPath": "l0/tsconfig.json",
      "versionRef": "6a95f6e8d8e3042af5f58de9c691a455a7221647",
      "Length": 1191,
      "update_at": "2025-11-05T17:52:43.000Z"
    }
  ]
}