{
  "lastModified": "2026-02-05T12:19:33.380Z",
  "files": [
    {
      "shortPath": "l0/README.md",
      "versionRef": "a54b9f628f12b6f4e3b499c2efde9df824f152bd",
      "Length": 1430,
      "update_at": "2025-11-06T11:59:21.000Z"
    },
    {
      "shortPath": "l2/agents/agentNewPrototype.defs.ts",
      "versionRef": "a3209e404b0193354e729ca05441491c0c464639",
      "Length": 95,
      "update_at": "2026-02-05T12:16:16.000Z"
    },
    {
      "shortPath": "l2/agents/agentNewPrototype.html",
      "versionRef": "ee35d94a6ae72b27ba9072898d79ec6ece9c11f0",
      "Length": 1609,
      "update_at": "2025-12-11T20:38:30.000Z"
    },
    {
      "shortPath": "l2/agents/agentNewPrototype.less",
      "versionRef": "e898159c1419afd7b9f7b789f62b1de085b4ef55",
      "Length": 164,
      "update_at": "2026-02-05T12:16:17.000Z"
    },
    {
      "shortPath": "l2/agents/agentNewPrototype.test.ts",
      "versionRef": "1e58fc051f51bca248b69c6bc7b5f9fdbdb5dfd8",
      "Length": 269,
      "update_at": "2026-02-05T12:16:18.000Z"
    },
    {
      "shortPath": "l2/agents/agentNewPrototype.ts",
      "versionRef": "1ea24a989412702ddf3ffbaa9492e59b627df306",
      "Length": 6970,
      "update_at": "2026-02-05T12:16:19.000Z"
    },
    {
      "shortPath": "l2/agents/agentNewPrototype2.defs.ts",
      "versionRef": "f834599c41f2c56678f3ac06fdc99e0f5268cb05",
      "Length": 96,
      "update_at": "2026-02-05T12:16:20.000Z"
    },
    {
      "shortPath": "l2/agents/agentNewPrototype2.html",
      "versionRef": "3fd77fbe203ba899ccc33f4d8a5926e4c5a6e1e2",
      "Length": 2740,
      "update_at": "2025-12-11T20:38:19.000Z"
    },
    {
      "shortPath": "l2/agents/agentNewPrototype2.less",
      "versionRef": "e6fc39e15f2b7a1ebf0d9892d0a0942c01b2d8de",
      "Length": 166,
      "update_at": "2026-02-05T12:16:21.000Z"
    },
    {
      "shortPath": "l2/agents/agentNewPrototype2.test.ts",
      "versionRef": "0d0dd5333f25bad9a53cf6f00673dc7aaab5cc67",
      "Length": 270,
      "update_at": "2026-02-05T12:16:22.000Z"
    },
    {
      "shortPath": "l2/agents/agentNewPrototype2.ts",
      "versionRef": "b9004bf035eae869c50853dcb85c2d75b85259a1",
      "Length": 9300,
      "update_at": "2026-02-05T12:16:24.000Z"
    },
    {
      "shortPath": "l2/agents/agentNewPrototype3.defs.ts",
      "versionRef": "1bc15345b9441a192addd89972a3b764b6cfccb7",
      "Length": 96,
      "update_at": "2026-02-05T12:16:25.000Z"
    },
    {
      "shortPath": "l2/agents/agentNewPrototype3.html",
      "versionRef": "b128aca61d6f7657d4bceef2299d282da81e8f13",
      "Length": 7934,
      "update_at": "2025-12-16T18:24:30.000Z"
    },
    {
      "shortPath": "l2/agents/agentNewPrototype3.less",
      "versionRef": "17c85c5ce83c83fcca7161cfa62df8bf7a293008",
      "Length": 166,
      "update_at": "2026-02-05T12:16:26.000Z"
    },
    {
      "shortPath": "l2/agents/agentNewPrototype3.test.ts",
      "versionRef": "943b3d64dc2e13ea12c04ced72d17a450289a597",
      "Length": 270,
      "update_at": "2026-02-05T12:16:27.000Z"
    },
    {
      "shortPath": "l2/agents/agentNewPrototype3.ts",
      "versionRef": "04b1ed9a4e94e6c82a98be94ee0387810cf1f2c9",
      "Length": 11865,
      "update_at": "2026-02-05T12:16:28.000Z"
    },
    {
      "shortPath": "l2/agents/agentNewPrototype4.defs.ts",
      "versionRef": "85cafdc46941fcb3ac2f6a0ad7caa834d1a681d6",
      "Length": 96,
      "update_at": "2026-02-05T12:16:30.000Z"
    },
    {
      "shortPath": "l2/agents/agentNewPrototype4.html",
      "versionRef": "d724a3993ee99cc9750cf26faeb01e6a78e0f4ca",
      "Length": 4264,
      "update_at": "2025-12-16T18:52:43.000Z"
    },
    {
      "shortPath": "l2/agents/agentNewPrototype4.less",
      "versionRef": "1b34563b2fee9882c5217ae2074709bc9123c166",
      "Length": 166,
      "update_at": "2026-02-05T12:16:31.000Z"
    },
    {
      "shortPath": "l2/agents/agentNewPrototype4.test.ts",
      "versionRef": "dc68404ee4bb21a666c67dbef0a75bb6a0492bc1",
      "Length": 270,
      "update_at": "2026-02-05T12:16:32.000Z"
    },
    {
      "shortPath": "l2/agents/agentNewPrototype4.ts",
      "versionRef": "ed1e28f4afb16f8173689bf8aa33b3cd4988d2f6",
      "Length": 72212,
      "update_at": "2026-02-05T12:16:33.000Z"
    },
    {
      "shortPath": "l2/agents/agentNewPrototypeFeedback.defs.ts",
      "versionRef": "bd36ee948800290fda4445a0a251612369d95cbd",
      "Length": 103,
      "update_at": "2026-02-05T12:16:34.000Z"
    },
    {
      "shortPath": "l2/agents/agentNewPrototypeFeedback.html",
      "versionRef": "6286abac79cc46f2de904effeea7d26c30ec3b39",
      "Length": 34,
      "update_at": "2025-12-11T20:49:07.000Z"
    },
    {
      "shortPath": "l2/agents/agentNewPrototypeFeedback.less",
      "versionRef": "5ecf6142e55ebe6ba40983e7d1a57b2943412aba",
      "Length": 1090,
      "update_at": "2026-02-05T12:16:35.000Z"
    },
    {
      "shortPath": "l2/agents/agentNewPrototypeFeedback.test.ts",
      "versionRef": "e1884d0eb81e45d913a15decaf49ef877011acf9",
      "Length": 277,
      "update_at": "2026-02-05T12:16:37.000Z"
    },
    {
      "shortPath": "l2/agents/agentNewPrototypeFeedback.ts",
      "versionRef": "bc446d661d4bf3a059574e480254df7ee9561c51",
      "Length": 12192,
      "update_at": "2026-02-05T12:16:38.000Z"
    },
    {
      "shortPath": "l2/agents/agentScaffoldToOrganismMock.defs.ts",
      "versionRef": "412135d27165566325964804ea7a5929f6f1c161",
      "Length": 105,
      "update_at": "2026-02-05T12:16:39.000Z"
    },
    {
      "shortPath": "l2/agents/agentScaffoldToOrganismMock.html",
      "versionRef": "574cdd1d30e24148c496937c9accaa11503bcb7e",
      "Length": 6956,
      "update_at": "2025-12-11T20:38:33.000Z"
    },
    {
      "shortPath": "l2/agents/agentScaffoldToOrganismMock.less",
      "versionRef": "833efbec6f488f287fdedd871a4d498db8621956",
      "Length": 186,
      "update_at": "2026-02-05T12:16:40.000Z"
    },
    {
      "shortPath": "l2/agents/agentScaffoldToOrganismMock.test.ts",
      "versionRef": "cd2598a777ac27ed461daa5d2ec5a6c2b3ee5a6c",
      "Length": 279,
      "update_at": "2026-02-05T12:16:41.000Z"
    },
    {
      "shortPath": "l2/agents/agentScaffoldToOrganismMock.ts",
      "versionRef": "d3644335f731d4bbd7b259e2453a53888813a9e3",
      "Length": 12193,
      "update_at": "2026-02-05T12:16:42.000Z"
    },
    {
      "shortPath": "l2/agents/agentUpdateMocks.defs.ts",
      "versionRef": "6b19963a0d52041d66eaa17a2ac1f47123a0fa2d",
      "Length": 94,
      "update_at": "2026-02-05T12:16:44.000Z"
    },
    {
      "shortPath": "l2/agents/agentUpdateMocks.html",
      "versionRef": "45170b92ba693c171b575e385511b66c9a72e3a0",
      "Length": 3705,
      "update_at": "2025-12-11T20:38:37.000Z"
    },
    {
      "shortPath": "l2/agents/agentUpdateMocks.less",
      "versionRef": "62ce0e1035a551c1b40edda7c6564f494aacf642",
      "Length": 162,
      "update_at": "2026-02-05T12:16:45.000Z"
    },
    {
      "shortPath": "l2/agents/agentUpdateMocks.test.ts",
      "versionRef": "d94eb89c6d4de6aaa323fb5a203b23ebc2f32af8",
      "Length": 268,
      "update_at": "2026-02-05T12:16:46.000Z"
    },
    {
      "shortPath": "l2/agents/agentUpdateMocks.ts",
      "versionRef": "b327fecf87e914cb14cc1b164ab6fb3021ab915e",
      "Length": 13706,
      "update_at": "2026-02-05T12:16:47.000Z"
    },
    {
      "shortPath": "l2/agents/agentUpdateTemporaryEndpoints.defs.ts",
      "versionRef": "378e1e2e94b25d834c35e3959db74cadd50ec09a",
      "Length": 107,
      "update_at": "2026-02-05T12:16:48.000Z"
    },
    {
      "shortPath": "l2/agents/agentUpdateTemporaryEndpoints.html",
      "versionRef": "7c8d5c4089654b669a9ee8e04b543f106d9c5489",
      "Length": 7292,
      "update_at": "2025-12-11T20:38:44.000Z"
    },
    {
      "shortPath": "l2/agents/agentUpdateTemporaryEndpoints.less",
      "versionRef": "8554b120c39762f6db54fd658a5a60e40f35b395",
      "Length": 189,
      "update_at": "2026-02-05T12:16:49.000Z"
    },
    {
      "shortPath": "l2/agents/agentUpdateTemporaryEndpoints.test.ts",
      "versionRef": "108d0863fb70ac66c6af11d6ce9ebec7e4f091e4",
      "Length": 281,
      "update_at": "2026-02-05T12:16:51.000Z"
    },
    {
      "shortPath": "l2/agents/agentUpdateTemporaryEndpoints.ts",
      "versionRef": "6ae0d1144f5abb655e710a57861f84a1be7589db",
      "Length": 17206,
      "update_at": "2026-02-05T12:16:52.000Z"
    },
    {
      "shortPath": "l2/agents/agentUpdateTemporaryEndpoints2.defs.ts",
      "versionRef": "deacec092f16d0ef60fbddc75507d9a2a1ba8f7e",
      "Length": 108,
      "update_at": "2026-02-05T12:16:53.000Z"
    },
    {
      "shortPath": "l2/agents/agentUpdateTemporaryEndpoints2.html",
      "versionRef": "adc6cab4d1f044bea3d5bb7ab1e01dc0d020fcc3",
      "Length": 3310,
      "update_at": "2025-12-11T20:38:41.000Z"
    },
    {
      "shortPath": "l2/agents/agentUpdateTemporaryEndpoints2.less",
      "versionRef": "5c6f430abb9bc5f1ce9105120f8090188186f13a",
      "Length": 191,
      "update_at": "2026-02-05T12:16:54.000Z"
    },
    {
      "shortPath": "l2/agents/agentUpdateTemporaryEndpoints2.test.ts",
      "versionRef": "136deabb4e4a6d4c39f616b3a5ca48d9ec672242",
      "Length": 282,
      "update_at": "2026-02-05T12:16:55.000Z"
    },
    {
      "shortPath": "l2/agents/agentUpdateTemporaryEndpoints2.ts",
      "versionRef": "0c6bd1c89cc7203cd09cbb0e7f5d716c9245add1",
      "Length": 23798,
      "update_at": "2026-02-05T12:16:57.000Z"
    },
    {
      "shortPath": "l2/aura.defs.ts",
      "versionRef": "b4b7f47371eb98143f8f72c28cf4d87d6f598be5",
      "Length": 75,
      "update_at": "2026-02-05T12:16:58.000Z"
    },
    {
      "shortPath": "l2/aura.html",
      "versionRef": "9fa77f98acb4a3deaeaa9c237e6f082269712da9",
      "Length": 13,
      "update_at": "2025-11-11T18:26:31.000Z"
    },
    {
      "shortPath": "l2/aura.less",
      "versionRef": "ee655eff6db57359322034259909b924500f695a",
      "Length": 121,
      "update_at": "2026-02-05T12:16:59.000Z"
    },
    {
      "shortPath": "l2/aura.test.ts",
      "versionRef": "bf559332addc20053f8e1661989a8c61d97c0e80",
      "Length": 243,
      "update_at": "2026-02-05T12:17:00.000Z"
    },
    {
      "shortPath": "l2/aura.ts",
      "versionRef": "4a1ee4aef50776812e5c243cd2f7ea71c6cc742b",
      "Length": 2323,
      "update_at": "2026-02-05T12:17:01.000Z"
    },
    {
      "shortPath": "l2/auraOrganismBase.defs.ts",
      "versionRef": "712a894269fee60909aecf4ea7510a09fda81b16",
      "Length": 87,
      "update_at": "2026-02-05T12:17:02.000Z"
    },
    {
      "shortPath": "l2/auraOrganismBase.html",
      "versionRef": "ae28f7b1c9f898d49aee1e5143999fdbfd736f9b",
      "Length": 25,
      "update_at": "2026-01-20T12:27:28.000Z"
    },
    {
      "shortPath": "l2/auraOrganismBase.less",
      "versionRef": "2a9dd2ebab8a1d783f1eec9154f86c161caff696",
      "Length": 147,
      "update_at": "2026-02-05T12:17:03.000Z"
    },
    {
      "shortPath": "l2/auraOrganismBase.test.ts",
      "versionRef": "3066310bdd584cab3797e8279f8a88787c499535",
      "Length": 261,
      "update_at": "2026-02-05T12:17:05.000Z"
    },
    {
      "shortPath": "l2/auraOrganismBase.ts",
      "versionRef": "90cc4f2ff3c1074d4b99b79466ffc99d3d34b0da",
      "Length": 374,
      "update_at": "2026-02-05T12:17:06.000Z"
    },
    {
      "shortPath": "l2/build.defs.ts",
      "versionRef": "7917f34cb69c9d73124f820468a8e73ff419abaa",
      "Length": 76,
      "update_at": "2026-02-05T12:17:07.000Z"
    },
    {
      "shortPath": "l2/build.html",
      "versionRef": "1215ee50a0841469bcb4b7a9105e26ef8d9a7ae9",
      "Length": 14,
      "update_at": "2025-11-06T12:00:35.000Z"
    },
    {
      "shortPath": "l2/build.less",
      "versionRef": "7396363f889f0c4abbdf755d1e33f774fae30b4d",
      "Length": 123,
      "update_at": "2026-02-05T12:17:08.000Z"
    },
    {
      "shortPath": "l2/build.test.ts",
      "versionRef": "9138fd7d73e6c648cf1e7f7020d303f46aef3efc",
      "Length": 244,
      "update_at": "2026-02-05T12:17:09.000Z"
    },
    {
      "shortPath": "l2/build.ts",
      "versionRef": "8288529850305c1860f359f445bf282c822fc888",
      "Length": 22855,
      "update_at": "2026-02-05T12:17:10.000Z"
    },
    {
      "shortPath": "l2/collabAuraLiveView.defs.ts",
      "versionRef": "e3553ef6da0aab03761f8cbdbf2d50daf81ad585",
      "Length": 89,
      "update_at": "2026-02-05T12:17:12.000Z"
    },
    {
      "shortPath": "l2/collabAuraLiveView.html",
      "versionRef": "0f9a6679e70e5dff63310f3a6b133a549ea1c4f1",
      "Length": 27,
      "update_at": "2025-11-07T14:23:29.000Z"
    },
    {
      "shortPath": "l2/collabAuraLiveView.less",
      "versionRef": "53d0c07580709441021a09fa15db77a59f9fa026",
      "Length": 1449,
      "update_at": "2026-02-05T12:17:13.000Z"
    },
    {
      "shortPath": "l2/collabAuraLiveView.test.ts",
      "versionRef": "661b315bcff259d28c0a324e4ca27379c91cca8e",
      "Length": 257,
      "update_at": "2026-02-05T12:17:14.000Z"
    },
    {
      "shortPath": "l2/collabAuraLiveView.ts",
      "versionRef": "4e347532ee66c39b3c26bc6fe346f1f73606dbcc",
      "Length": 18553,
      "update_at": "2026-02-05T12:17:15.000Z"
    },
    {
      "shortPath": "l2/designSystem.defs.ts",
      "versionRef": "16cd9a3a2601cf6832e12e831da15420fd5c2391",
      "Length": 83,
      "update_at": "2026-02-05T12:17:16.000Z"
    },
    {
      "shortPath": "l2/designSystem.html",
      "versionRef": "407e94c1cf19a0a3117d9d391bd2a1dcb58b4471",
      "Length": 21,
      "update_at": "2025-11-05T17:53:07.000Z"
    },
    {
      "shortPath": "l2/designSystem.less",
      "versionRef": "43bb51343eee65047ad5012d98395d41395bd060",
      "Length": 138,
      "update_at": "2026-02-05T12:17:17.000Z"
    },
    {
      "shortPath": "l2/designSystem.test.ts",
      "versionRef": "6771a5e34054b31af1f2fb1d0dea4539315e7f6d",
      "Length": 251,
      "update_at": "2026-02-05T12:17:18.000Z"
    },
    {
      "shortPath": "l2/designSystem.ts",
      "versionRef": "a62623dee0ffa4ff6579de0173a9014afba6744c",
      "Length": 16186,
      "update_at": "2026-02-05T12:17:20.000Z"
    },
    {
      "shortPath": "l2/enhancementAura.defs.ts",
      "versionRef": "1ac74133375780ef42ac0bfe61abb8bfbc9ef72b",
      "Length": 86,
      "update_at": "2026-02-05T12:17:21.000Z"
    },
    {
      "shortPath": "l2/enhancementAura.html",
      "versionRef": "75fb47e02a78b8d7e7139cf04fe6bc0e0b9d0964",
      "Length": 24,
      "update_at": "2025-12-11T20:38:48.000Z"
    },
    {
      "shortPath": "l2/enhancementAura.less",
      "versionRef": "6000a8dacbb4825a6a98864334f8b88ad9dc4cdf",
      "Length": 144,
      "update_at": "2026-02-05T12:17:22.000Z"
    },
    {
      "shortPath": "l2/enhancementAura.test.ts",
      "versionRef": "53b741395b05cdd47662060ded31528f20706a91",
      "Length": 260,
      "update_at": "2026-02-05T12:17:23.000Z"
    },
    {
      "shortPath": "l2/enhancementAura.ts",
      "versionRef": "f3ed1cf17ad0dd1d9ff2e386ecfe9d2d7cdf858c",
      "Length": 2833,
      "update_at": "2026-02-05T12:17:24.000Z"
    },
    {
      "shortPath": "l2/project.defs.ts",
      "versionRef": "98823c9afc64b5d8f1ae2f2e60f0e79bd6c4fe3d",
      "Length": 78,
      "update_at": "2026-02-05T12:17:25.000Z"
    },
    {
      "shortPath": "l2/project.html",
      "versionRef": "88a90cf32ef33346febb29387541246b1be9a2e0",
      "Length": 16,
      "update_at": "2025-11-05T17:53:07.000Z"
    },
    {
      "shortPath": "l2/project.less",
      "versionRef": "a1a79de2bf0f797d05bc627efda9d642ed76848d",
      "Length": 106,
      "update_at": "2026-02-05T12:17:26.000Z"
    },
    {
      "shortPath": "l2/project.test.ts",
      "versionRef": "583047eafde274beacf4c7e046dad638d58a9af9",
      "Length": 246,
      "update_at": "2026-02-05T12:17:27.000Z"
    },
    {
      "shortPath": "l2/project.ts",
      "versionRef": "69c6450b9cbb475dbbf72eb7f728543d58beaf0f",
      "Length": 140,
      "update_at": "2026-02-05T12:17:29.000Z"
    },
    {
      "shortPath": "l2/start.defs.ts",
      "versionRef": "3a9e3ce6ca8a71685542ce2eab73bd85038d1e2a",
      "Length": 76,
      "update_at": "2026-02-05T12:17:30.000Z"
    },
    {
      "shortPath": "l2/start.html",
      "versionRef": "df55f07ba1524decf5e7f0d4625b01ba5cd62b21",
      "Length": 14,
      "update_at": "2025-11-07T14:23:29.000Z"
    },
    {
      "shortPath": "l2/start.less",
      "versionRef": "dd7e4926bd00e5927d458a169ab20fbc2a4372b5",
      "Length": 123,
      "update_at": "2026-02-05T12:17:31.000Z"
    },
    {
      "shortPath": "l2/start.test.ts",
      "versionRef": "819c47d8e9e77039227ac1cfd219654a357d4858",
      "Length": 244,
      "update_at": "2026-02-05T12:17:32.000Z"
    },
    {
      "shortPath": "l2/start.ts",
      "versionRef": "9e36072a839e4985843ae53767966882b0875fcc",
      "Length": 137,
      "update_at": "2026-02-05T12:17:33.000Z"
    },
    {
      "shortPath": "l5/project.json",
      "versionRef": "dd83bc42f62f3501e7ace249f2769b1dc75a71c1",
      "Length": 375,
      "update_at": "2025-11-05T17:53:07.000Z"
    },
    {
      "shortPath": "l0/package.json",
      "versionRef": "a598ab0d69e931c609dca8a8d9a73dfb45e0c459",
      "Length": 470,
      "update_at": "2025-11-05T17:52:42.000Z"
    },
    {
      "shortPath": "l0/tsconfig.json",
      "versionRef": "f631a300b5933b05930cd9f4bcd1b72ee38178e4",
      "Length": 1042,
      "update_at": "2025-12-04T19:26:18.000Z"
    }
  ]
}