{
  "lastModified": "2025-11-06T12:01:10.766Z",
  "files": [
    {
      "shortPath": "l0/README.md",
      "versionRef": "a54b9f628f12b6f4e3b499c2efde9df824f152bd",
      "Length": 1430,
      "update_at": "2025-11-06T11:59:21.000Z"
    },
    {
      "shortPath": "l2/build.defs.ts",
      "versionRef": "5168f55efb0438bae4cbddbd351ea064df3d7e78",
      "Length": 79,
      "update_at": "2025-11-06T12:00:35.000Z"
    },
    {
      "shortPath": "l2/build.html",
      "versionRef": "1215ee50a0841469bcb4b7a9105e26ef8d9a7ae9",
      "Length": 14,
      "update_at": "2025-11-06T12:00:35.000Z"
    },
    {
      "shortPath": "l2/build.less",
      "versionRef": "e5f86f3f5765f4d15205ac9f83272a07570a3738",
      "Length": 129,
      "update_at": "2025-11-06T12:00:35.000Z"
    },
    {
      "shortPath": "l2/build.test.ts",
      "versionRef": "3ef9aa189e0f328405cded5e673e1aeaf3ad5ded",
      "Length": 247,
      "update_at": "2025-11-06T12:00:35.000Z"
    },
    {
      "shortPath": "l2/build.ts",
      "versionRef": "98a7aa93d90dcaf2b0680696ea926d4fee2a5c3c",
      "Length": 21077,
      "update_at": "2025-11-06T12:00:35.000Z"
    },
    {
      "shortPath": "l2/designSystem.defs.ts",
      "versionRef": "162b28f3fc62ce74751a001b8796ff8e584e7df6",
      "Length": 86,
      "update_at": "2025-11-05T17:53:07.000Z"
    },
    {
      "shortPath": "l2/designSystem.html",
      "versionRef": "407e94c1cf19a0a3117d9d391bd2a1dcb58b4471",
      "Length": 21,
      "update_at": "2025-11-05T17:53:07.000Z"
    },
    {
      "shortPath": "l2/designSystem.less",
      "versionRef": "3f96c78a9a27af1754490b9294a3e77d2b5725c4",
      "Length": 144,
      "update_at": "2025-11-05T17:53:07.000Z"
    },
    {
      "shortPath": "l2/designSystem.test.ts",
      "versionRef": "61b0f520275d742c7959d1d6bc0cee571d4e6f56",
      "Length": 254,
      "update_at": "2025-11-05T17:53:07.000Z"
    },
    {
      "shortPath": "l2/designSystem.ts",
      "versionRef": "4402544ce7b90de9e2ac4a7bae4fb405598180ff",
      "Length": 16178,
      "update_at": "2025-11-05T17:53:07.000Z"
    },
    {
      "shortPath": "l2/project.defs.ts",
      "versionRef": "8af52f90b84f480da33558f1fe35a2f936142188",
      "Length": 81,
      "update_at": "2025-11-05T17:53:07.000Z"
    },
    {
      "shortPath": "l2/project.html",
      "versionRef": "88a90cf32ef33346febb29387541246b1be9a2e0",
      "Length": 16,
      "update_at": "2025-11-05T17:53:07.000Z"
    },
    {
      "shortPath": "l2/project.less",
      "versionRef": "18b1c48520c712c275807f515a9d4a29bf9851d8",
      "Length": 133,
      "update_at": "2025-11-05T17:53:07.000Z"
    },
    {
      "shortPath": "l2/project.test.ts",
      "versionRef": "fef8c08834b2a8e1951bf57e3f038114446734f4",
      "Length": 249,
      "update_at": "2025-11-05T17:53:07.000Z"
    },
    {
      "shortPath": "l2/project.ts",
      "versionRef": "91c0426295f7ef92b1fccb4e8febeddb6197af26",
      "Length": 131,
      "update_at": "2025-11-05T17:53:07.000Z"
    },
    {
      "shortPath": "l5/project.json",
      "versionRef": "dd83bc42f62f3501e7ace249f2769b1dc75a71c1",
      "Length": 375,
      "update_at": "2025-11-05T17:53:07.000Z"
    },
    {
      "shortPath": "l0/package.json",
      "versionRef": "a598ab0d69e931c609dca8a8d9a73dfb45e0c459",
      "Length": 470,
      "update_at": "2025-11-05T17:52:42.000Z"
    },
    {
      "shortPath": "l0/tsconfig.json",
      "versionRef": "6a95f6e8d8e3042af5f58de9c691a455a7221647",
      "Length": 1191,
      "update_at": "2025-11-05T17:52:43.000Z"
    }
  ]
}